"Date","Category","Net worth","Assets","Real estate","Consumer durables","Corporate equities and mutual fund shares","Pension entitlements","Private businesses","Other assets","Liabilities","Home mortgages","Consumer credit","Other liabilities"
"1989:Q3","White",18501033,21067522,5992852,1643510,1974037,3925362,2623713,4908049,2566489,1826710,620337,119441
"1989:Q3","Black",779723,964055,338435,110901,17342,324346,38119,134913,184332,104555,78213,1564
"1989:Q3","Hispanic",417218,618307,263006,67284,12204,112524,56034,107255,201089,142171,46575,12343
"1989:Q3","Other",726165,906832,297663,74655,48053,110964,252472,123025,180666,137254,39082,4330
"1989:Q4","White",18827639,21414000,6058209,1659280,2026877,4026555,2650722,4992357,2586361,1821475,646437,118449
"1989:Q4","Black",793769,990758,339374,115101,19190,338956,39930,138207,196990,119308,75786,1896
"1989:Q4","Hispanic",410477,638825,265770,71121,12346,115938,58980,114671,228348,169054,47764,11530
"1989:Q4","Other",774113,969147,330963,80273,55138,119945,245622,137205,195034,150278,39298,5458
"1990:Q1","White",18913077,21564275,6189691,1693668,1907352,4072487,2655042,5046036,2651199,1897730,631233,122236
"1990:Q1","Black",801246,1000320,328222,115502,19349,352359,43071,141819,199075,122248,74396,2431
"1990:Q1","Hispanic",420876,642770,252876,74839,11140,117541,65099,121275,221894,163256,47934,10704
"1990:Q1","Other",808836,1005733,327489,83120,56805,137927,250851,149541,196897,151678,38758,6461
"1990:Q2","White",19048099,21716601,6186861,1705994,1972989,4138510,2646371,5065875,2668502,1909981,636691,121830
"1990:Q2","Black",826135,1039859,340480,120257,20079,364276,44153,150615,213725,136689,74176,2860
"1990:Q2","Hispanic",420138,665460,255070,77618,14259,123227,68075,127211,245322,186506,49001,9815
"1990:Q2","Other",878896,1087171,354736,88642,57114,160774,263854,162051,208275,162235,38844,7196
"1990:Q3","White",18828760,21581565,6273614,1727300,1633573,4163864,2634742,5148472,2752805,1978222,659666,114917
"1990:Q3","Black",842439,1047336,330537,117537,18588,376550,51022,153103,204897,134497,67381,3019
"1990:Q3","Hispanic",436453,666561,241207,81430,9600,119359,80134,134830,230108,173139,48048,8922
"1990:Q3","Other",911975,1117350,341032,89978,54747,178486,275518,177588,205375,160879,37207,7289
"1990:Q4","White",19293548,22087357,6288094,1745542,1832952,4257915,2677593,5285262,2793809,2006721,667836,119253
"1990:Q4","Black",837679,1048408,323343,119447,21625,390320,51727,141946,210730,138830,68455,3445
"1990:Q4","Hispanic",413883,649433,227317,81595,10361,124203,77357,128601,235551,177352,49899,8300
"1990:Q4","Other",903214,1115282,332429,92537,65159,184259,253308,187590,212068,166352,38201,7515
"1991:Q1","White",19881251,22642280,6286482,1763232,2123805,4375000,2727589,5366172,2761030,2001349,637368,122312
"1991:Q1","Black",842446,1071261,338172,125133,25742,400340,50903,130971,228815,151003,73823,3989
"1991:Q1","Hispanic",388299,646924,234755,82142,11118,129930,70332,118648,258625,199409,51638,7579
"1991:Q1","Other",899380,1123687,353530,97323,79158,177262,221584,194830,224307,177391,39378,7539
"1991:Q2","White",19891173,22700286,6312922,1773639,2107117,4469499,2699688,5337422,2809113,2050204,637821,121088
"1991:Q2","Black",852580,1087144,343490,126758,26300,403912,54930,131753,234564,157055,73149,4360
"1991:Q2","Hispanic",389536,650679,236033,83194,11531,128806,74571,116545,261143,202814,51616,6713
"1991:Q2","Other",917683,1144087,358706,100116,78666,178327,228600,199671,226403,180040,38720,7643
"1991:Q3","White",20142748,23034644,6385079,1794169,2256992,4589512,2674288,5334604,2891896,2121932,640339,129626
"1991:Q3","Black",861128,1087408,333599,127067,28392,407766,57885,132698,226280,147714,73524,5041
"1991:Q3","Hispanic",405881,637923,225576,81550,13521,129418,74938,112921,232042,174952,51208,5882
"1991:Q3","Other",917449,1133020,339281,100657,81739,174244,227245,209854,215571,169370,37429,8772
"1991:Q4","White",20698628,23665195,6419925,1804372,2667306,4704514,2679325,5389754,2966567,2174616,651700,140251
"1991:Q4","Black",888529,1120884,344267,130429,33108,420990,60650,131441,232355,151435,75162,5758
"1991:Q4","Hispanic",409288,639134,236129,79571,17235,132449,71998,101751,229846,173042,51662,5142
"1991:Q4","Other",931687,1146577,348758,103018,92279,175870,208638,218013,214890,168263,37057,9571
"1992:Q1","White",20656711,23648066,6463575,1810471,2611390,4760491,2663022,5339118,2991355,2218469,635658,137228
"1992:Q1","Black",936066,1172175,363135,134138,34089,442948,70163,127701,236109,155320,74622,6167
"1992:Q1","Hispanic",429877,653690,250598,80661,15695,132326,79863,94547,223813,170356,49153,4304
"1992:Q1","Other",1000180,1207912,368206,106825,90880,205046,213777,223178,207732,163575,33920,10236
"1992:Q2","White",20609860,23652971,6474383,1824562,2616931,4850045,2606416,5280634,3043111,2261324,638353,143434
"1992:Q2","Black",988798,1227780,373574,138435,35266,460954,81092,138459,238983,157106,75091,6786
"1992:Q2","Hispanic",449867,665190,256945,80154,16475,132955,87578,91083,215324,164334,47448,3541
"1992:Q2","Other",1065610,1266191,373589,109928,86115,230493,229677,236389,200581,157931,31440,11210
"1992:Q3","White",20847926,23991334,6580896,1848446,2740061,4963321,2576994,5281615,3143408,2351835,647654,143919
"1992:Q3","Black",1038888,1274776,372954,138552,37953,480329,96273,148716,235888,151681,76979,7229
"1992:Q3","Hispanic",474695,666777,257974,75900,17705,133010,96989,85199,192082,142368,46893,2821
"1992:Q3","Other",1102966,1293917,352165,108644,84310,249339,239974,259486,190951,149443,30407,11102
"1992:Q4","White",21503694,24712060,6678523,1873982,3096644,5083684,2638904,5340322,3208365,2398186,664425,145754
"1992:Q4","Black",1013818,1256281,365753,137465,41275,495981,82260,133547,242463,154459,81081,6923
"1992:Q4","Hispanic",463830,652450,252980,74643,18035,141382,81260,84150,188620,138597,47167,2857
"1992:Q4","Other",1081934,1273677,345758,107165,96754,270423,201707,251870,191743,149111,32097,10535
"1993:Q1","White",21857278,24997325,6602815,1875335,3216706,5235346,2705228,5361895,3140046,2344869,640686,154491
"1993:Q1","Black",1005250,1274321,391811,143463,42655,490331,74951,131110,269071,175285,86968,6819
"1993:Q1","Hispanic",437948,661800,270360,76070,16538,143997,73564,81271,223851,174497,46454,2900
"1993:Q1","Other",1077099,1280427,389079,111532,101187,260314,185804,232510,203328,159537,33155,10636
"1993:Q2","White",22158813,25369227,6709696,1909921,3280554,5339919,2763118,5366019,3210413,2407429,647610,155374
"1993:Q2","Black",992250,1266167,388403,141509,44006,492260,71244,128746,273917,176747,90695,6475
"1993:Q2","Hispanic",436180,651474,267879,75457,13491,145571,68694,80382,215294,166333,46016,2946
"1993:Q2","Other",1045967,1247480,377931,109365,105984,261867,167614,224719,201513,157319,34342,9852
"1993:Q3","White",22578788,25878393,6830162,1946288,3443240,5452042,2818655,5388007,3299605,2468043,665096,166466
"1993:Q3","Black",980514,1258781,381378,139305,45901,495269,68549,128378,278267,176993,94898,6376
"1993:Q3","Hispanic",434659,641287,261799,73703,12706,148382,64117,80581,206628,157201,46386,3040
"1993:Q3","Other",1015238,1216654,358840,106583,110359,266588,153625,220659,201416,155780,36288,9348
"1993:Q4","White",22997676,26378164,6906514,1981558,3613898,5528791,2883406,5463996,3380487,2501505,704745,174237
"1993:Q4","Black",982469,1269193,388430,140086,48073,502452,66879,123273,286724,182734,97755,6235
"1993:Q4","Hispanic",435005,643164,265824,73958,11435,151851,59688,80408,208159,158911,46184,3064
"1993:Q4","Other",1008733,1211245,360829,106476,116545,277304,135057,215034,202512,156028,37485,8999
"1994:Q1","White",23108753,26462074,6903134,1997936,3454505,5598120,2940466,5567912,3353320,2475475,700311,177535
"1994:Q1","Black",996903,1304228,411451,142420,47236,504973,69983,128167,307325,201163,100136,6026
"1994:Q1","Hispanic",420826,656681,280660,76654,7302,151203,62978,77885,235855,187520,45191,3144
"1994:Q1","Other",1036641,1248389,388811,109028,114560,288241,132755,214993,211748,165311,38237,8199
"1994:Q2","White",23222116,26653331,6977896,2030183,3382328,5695993,2976729,5590202,3431215,2516446,733459,181310
"1994:Q2","Black",1005283,1319150,419192,142483,46087,499385,72744,139260,313867,206345,101584,5938
"1994:Q2","Hispanic",437432,672245,282631,77587,7229,152078,66898,85823,234814,187152,44504,3157
"1994:Q2","Other",1057546,1268946,390488,109296,108613,295050,149395,216105,211400,164679,39033,7688
"1994:Q3","White",23515455,27055842,7091023,2070797,3449559,5798927,3013867,5631669,3540387,2587653,770840,181893
"1994:Q3","Black",1013801,1325732,413585,140881,46302,503319,71753,149892,311931,202686,103462,5783
"1994:Q3","Hispanic",451946,670479,272443,76850,7778,157716,64043,91649,218533,170525,44905,3103
"1994:Q3","Other",1065851,1273670,370543,107972,109494,309874,150939,224848,207819,160184,40746,6889
"1994:Q4","White",23636807,27304072,7167051,2098626,3412560,5815769,3049348,5760718,3667265,2638488,834908,193868
"1994:Q4","Black",1030979,1341923,414653,139353,45178,508697,73734,160308,310944,204158,100804,5982
"1994:Q4","Hispanic",466489,677869,263054,77974,8282,162253,66989,99317,211380,164306,44005,3070
"1994:Q4","Other",1104162,1311422,361333,108210,107889,337284,163676,233030,207260,158987,41451,6822
"1995:Q1","White",24117867,27794285,7203989,2131650,3628213,5960067,3103745,5766621,3676419,2655230,828605,192583
"1995:Q1","Black",1041144,1360081,422881,140512,45628,507889,68913,174258,318937,208174,104762,6001
"1995:Q1","Hispanic",471598,687642,259925,78513,12560,171214,60263,105167,216044,166527,46557,2960
"1995:Q1","Other",1129911,1342351,365303,110024,112751,341854,167234,245185,212439,161994,44622,5823
"1995:Q2","White",24600243,28385585,7317978,2162101,3859810,6092155,3171953,5781589,3785342,2729227,858858,197257
"1995:Q2","Black",1041480,1354407,414984,136878,46416,520477,61152,174500,312927,200842,105716,6368
"1995:Q2","Hispanic",482220,682356,247626,76689,15690,184070,49054,109227,200136,147300,49942,2894
"1995:Q2","Other",1150916,1365202,344594,108651,125259,359349,151474,275875,214286,160932,48610,4743
"1995:Q3","White",25160733,29065757,7415041,2184950,4143377,6229644,3264130,5828614,3905023,2793908,900678,210437
"1995:Q3","Black",1045864,1354694,417026,134101,47250,536231,52734,167352,308830,197889,103725,7216
"1995:Q3","Hispanic",486790,678527,239807,76672,19743,197857,38319,106128,191737,135918,53022,2796
"1995:Q3","Other",1173336,1391931,341262,109266,143555,375502,129323,293023,218595,162055,52174,4365
"1995:Q4","White",25890911,29874712,7468877,2210394,4478494,6423312,3298919,5994715,3983802,2810806,960529,212467
"1995:Q4","Black",1048012,1359388,421240,135011,51903,529255,57559,164419,311376,202637,101681,7058
"1995:Q4","Hispanic",505215,702947,255483,76326,23876,195965,43521,107778,197732,140643,53557,3532
"1995:Q4","Other",1097711,1321012,343854,107523,137885,348223,132742,250785,223301,165840,52392,5068
"1996:Q1","White",26478484,30489782,7525447,2240293,4671705,6590294,3330797,6131245,4011298,2835403,949686,226209
"1996:Q1","Black",1054438,1377172,432629,136541,55590,529159,60244,163010,322734,213314,103485,5935
"1996:Q1","Hispanic",514248,728810,274982,78140,25442,196457,46816,106972,214562,155102,55595,3864
"1996:Q1","Other",1060058,1293959,359435,107448,136355,329719,130092,230910,233901,174487,53441,5973
"1996:Q2","White",26906042,31022204,7641275,2260519,4850465,6724283,3330854,6214809,4116162,2897441,986553,232169
"1996:Q2","Black",1054770,1372531,427828,134444,58486,528523,61638,161610,317760,211967,99815,5979
"1996:Q2","Hispanic",528169,736365,275079,78473,28794,197837,50141,106042,208196,147030,56615,4551
"1996:Q2","Other",1018798,1254603,348396,105395,134166,317293,136628,212724,235804,175223,53596,6985
"1996:Q3","White",27177363,31388550,7737704,2286313,4871121,6874745,3335375,6283292,4211188,2952410,1024257,234522
"1996:Q3","Black",1058669,1372230,429064,132956,60250,526403,63267,160291,313562,213498,94391,5672
"1996:Q3","Hispanic",547727,755082,279101,81129,30208,198622,55134,110888,207355,144643,57599,5113
"1996:Q3","Other",1001446,1241155,348266,104822,131980,301438,145391,209258,239709,178287,53600,7821
"1996:Q4","White",27907483,32165775,7759605,2301782,5166826,7141424,3386247,6409890,4258292,2956168,1066350,235774
"1996:Q4","Black",1069027,1392093,448398,135433,63862,520399,61832,162169,323066,226488,91610,4968
"1996:Q4","Hispanic",558846,790434,296717,83719,36733,203568,56469,113228,231588,165561,60711,5316
"1996:Q4","Other",1004191,1257799,379158,107059,133750,272210,154464,211157,253608,189916,55207,8486
"1997:Q1","White",28067340,32339096,7802852,2325029,5158570,7241080,3497895,6313670,4271755,2977957,1045847,247952
"1997:Q1","Black",1087377,1415126,458967,135190,65694,519739,66374,169163,327749,232159,90415,5175
"1997:Q1","Hispanic",580881,822862,307039,88401,38691,206433,68231,114067,241981,173433,62440,6108
"1997:Q1","Other",1030632,1293022,397132,108482,133251,264832,167957,221368,262389,196924,55473,9992
"1997:Q2","White",29323192,33671805,7923020,2338615,6011820,7514333,3526347,6357670,4348613,3034901,1053462,260251
"1997:Q2","Black",1108912,1441686,458685,136112,73233,535397,56867,181393,332774,230437,97034,5304
"1997:Q2","Hispanic",611592,853786,308138,84796,56898,227884,57004,119066,242194,167109,68420,6665
"1997:Q2","Other",1050177,1320271,396571,107517,138886,282436,181445,213416,270095,199478,59122,11495
"1997:Q3","White",30305494,34762476,8029355,2361963,6560904,7768002,3594607,6447645,4456983,3117767,1075259,263957
"1997:Q3","Black",1127482,1461621,459273,135194,79740,545062,55371,186981,334139,232139,97507,4493
"1997:Q3","Hispanic",647609,890017,312713,85854,69185,239252,57603,125411,242408,164033,72037,6337
"1997:Q3","Other",1057055,1333904,400447,107049,144500,284631,188384,208893,276849,203069,61002,12779
"1997:Q4","White",30642029,35154344,8071173,2378299,6604672,7830670,3706925,6562605,4512315,3119717,1117596,275002
"1997:Q4","Black",1157502,1498085,482666,137511,83960,545534,59443,188970,340583,242970,92832,4781
"1997:Q4","Hispanic",685026,946627,335010,91735,72331,244479,66837,136235,261601,180906,73228,7467
"1997:Q4","Other",1109945,1396332,443422,110482,146779,285765,196954,212930,286387,210645,60509,15234
"1998:Q1","White",32135830,36682147,8224735,2399894,7450947,8121252,3834109,6651209,4546317,3182519,1079433,284365
"1998:Q1","Black",1197790,1549133,485130,140328,94108,567938,55297,206333,351343,242228,104250,4865
"1998:Q1","Hispanic",737481,997649,344978,89442,90829,268299,61308,142793,260168,174549,77556,8064
"1998:Q1","Other",1152094,1442934,456682,110472,153907,316672,204435,200766,290840,210194,62804,17842
"1998:Q2","White",32707725,37357552,8425635,2423251,7620055,8252040,3836425,6800145,4649828,3239262,1119787,290779
"1998:Q2","Black",1211632,1570296,484638,140622,101255,570374,56680,216726,358664,249930,104270,4464
"1998:Q2","Hispanic",770513,1042069,355901,92912,97005,275273,63587,157391,271556,183026,80010,8519
"1998:Q2","Other",1164472,1464400,474517,110969,155457,324689,211303,187465,299927,215920,63676,20331
"1998:Q3","White",32082415,36906682,8724915,2458575,6674139,8222293,3861743,6965017,4824267,3363986,1172103,288178
"1998:Q3","Black",1178125,1512368,443101,130505,102648,540781,73835,221498,334243,238307,91932,4004
"1998:Q3","Hispanic",821646,1062975,350604,101099,81192,255792,90286,184001,241330,154785,76998,9547
"1998:Q3","Other",1100155,1390844,450636,106590,150533,283860,218017,181207,290689,207763,59685,23241
"1998:Q4","White",33977331,38834912,8857694,2481995,7936988,8527003,3980965,7050267,4857581,3387920,1172070,297591
"1998:Q4","Black",1257093,1636375,503408,147517,103397,611410,53186,217459,379282,260462,113509,5311
"1998:Q4","Hispanic",800582,1085675,368311,94593,101286,303343,56497,161645,285093,189272,86961,8860
"1998:Q4","Other",1217246,1525337,485288,109694,169403,350981,200002,209968,308091,219788,68732,19571
"1999:Q1","White",34397766,39316179,9070084,2508212,7982666,8655210,3994310,7105698,4918413,3460700,1154352,303361
"1999:Q1","Black",1276458,1670808,518529,153256,96573,633898,46810,221742,394349,264366,124172,5812
"1999:Q1","Hispanic",776964,1067295,364552,92267,102630,321342,47383,139122,290332,191141,91041,8150
"1999:Q1","Other",1207908,1517780,472947,107572,169973,361591,208917,196779,309872,220469,72834,16569
"1999:Q2","White",35341350,40344126,9264410,2541577,8646913,8838412,4037751,7015063,5002777,3512953,1161570,328254
"1999:Q2","Black",1315407,1739476,545371,164017,95062,665500,40504,229023,424068,280519,136583,6966
"1999:Q2","Hispanic",769859,1086666,376663,91020,114808,344865,36688,122621,316807,213225,95940,7642
"1999:Q2","Other",1248031,1567171,490268,108256,175961,386201,213056,193430,319140,226502,77488,15150
"1999:Q3","White",35231169,40395516,9553436,2583417,8159683,8887019,4138745,7073217,5164348,3635210,1201107,328030
"1999:Q3","Black",1300067,1727536,549566,165201,87096,650108,48843,226723,427469,284039,136194,7235
"1999:Q3","Hispanic",778087,1090114,375398,96548,107214,335691,51347,123916,312026,208862,96338,6827
"1999:Q3","Other",1207827,1522091,476926,105567,169235,341511,234768,194083,314264,223113,78256,12895
"1999:Q4","White",37588447,42876536,9770298,2615608,9888492,9189065,4241262,7171810,5288090,3709402,1211452,367236
"1999:Q4","Black",1365692,1823706,568980,179841,93193,704346,38957,238390,458015,292677,156604,8734
"1999:Q4","Hispanic",848041,1170385,385534,89737,140407,377570,33648,143489,322344,213895,102291,6158
"1999:Q4","Other",1344042,1659810,492645,105935,180056,410773,242431,227970,315768,218502,83275,13991
"2000:Q1","White",38770204,44194074,10147565,2664651,10487255,9384693,4268412,7241498,5423871,3800886,1199941,423044
"2000:Q1","Black",1422879,1890614,586164,187764,92769,723547,37564,262806,467734,289917,167187,10630
"2000:Q1","Hispanic",883827,1191197,396891,90704,153683,391940,31113,126868,307371,199021,102864,5485
"2000:Q1","Other",1383271,1690543,500846,104809,179897,427325,259874,217794,307272,206908,83772,16592
"2000:Q2","White",38455766,43997381,10532025,2711069,9852268,9444506,4285916,7171598,5541615,3896147,1238951,406517
"2000:Q2","Black",1431630,1916466,605727,194101,85941,717909,40353,272436,484836,300427,173672,10737
"2000:Q2","Hispanic",884552,1200019,408602,95469,143605,392072,36244,124027,315468,206549,103992,4927
"2000:Q2","Other",1395430,1700703,514235,104074,171434,412733,283983,214244,305273,205982,85156,14136
"2000:Q3","White",39078166,44803269,10932962,2753055,9813001,9572047,4483068,7249136,5725104,4027007,1291754,406343
"2000:Q3","Black",1440602,1934192,606174,197976,83725,728794,46096,271426,493591,300260,182189,11142
"2000:Q3","Hispanic",916870,1221522,407769,96496,141773,398697,45187,131598,304652,194511,105897,4245
"2000:Q3","Other",1401046,1700947,502651,100657,173757,413382,295506,214995,299901,200034,87234,12634
"2000:Q4","White",38555397,44363189,11264561,2790589,8546850,9555533,4590875,7614780,5807791,4066084,1364193,377515
"2000:Q4","Black",1434543,1950271,633420,204235,74921,712890,55132,269673,515728,320613,184055,11061
"2000:Q4","Hispanic",903697,1236112,425110,105575,116407,387338,60405,141278,332415,222816,105370,4229
"2000:Q4","Other",1406369,1710590,536937,101357,168536,374585,305067,224108,304222,207272,87649,9301
"2001:Q1","White",38370741,44202602,11887042,2823307,7487839,9456407,4671025,7876982,5831861,4122559,1377442,331860
"2001:Q1","Black",1447168,1975388,669331,207308,68220,701088,64693,264748,528221,332818,185136,10266
"2001:Q1","Hispanic",904051,1245303,449857,115531,91972,370959,75028,141956,341252,236173,101619,3460
"2001:Q1","Other",1384636,1685298,576555,100587,171225,332179,285139,219614,300662,209809,85527,5326
"2001:Q2","White",39548171,45488049,12233067,2850892,8118374,9612538,4781237,7891939,5939878,4231295,1380112,328472
"2001:Q2","Black",1454723,2022117,668306,215923,71560,740480,56644,269205,567393,352284,204509,10601
"2001:Q2","Hispanic",882190,1251284,451356,113059,97595,395605,61068,132600,369095,258532,107626,2937
"2001:Q2","Other",1410653,1724838,588151,98904,190740,372402,255506,219134,314185,220089,92002,2093
"2001:Q3","White",38637752,44849832,12626583,2878643,6765742,9522895,4838712,8217257,6212080,4396262,1420343,395475
"2001:Q3","Black",1395728,1965316,646163,214924,61677,719593,63417,259541,569588,353964,203137,12487
"2001:Q3","Hispanic",877159,1226895,442946,122047,71368,376732,76431,137371,349735,244687,102201,2847
"2001:Q3","Other",1341679,1650249,587606,95699,183711,324937,240623,217674,308570,215588,88670,4313
"2001:Q4","White",40053054,46257702,12861234,2915107,7687947,9671850,4886496,8235067,6204648,4412644,1466466,325538
"2001:Q4","Black",1490047,2094049,690518,220516,77981,781693,68568,254772,604002,374759,219194,10048
"2001:Q4","Hispanic",899855,1305433,482769,126878,85100,397906,64071,148709,405578,291703,111207,2668
"2001:Q4","Other",1408920,1750366,619472,101758,201934,387142,208275,231784,341446,245829,94960,657
"2002:Q1","White",40507385,46793044,13114459,2932371,7701867,9839308,4918926,8286113,6285659,4515290,1450815,319554
"2002:Q1","Black",1573892,2194079,730083,222244,87237,805547,80244,268725,620187,383048,227757,9381
"2002:Q1","Hispanic",947744,1367249,525996,136024,87509,398690,68228,150802,419505,305316,111659,2529
"2002:Q1","Other",1467135,1819831,664064,107633,201703,397731,203415,245286,352696,258752,93285,659
"2002:Q2","White",39873117,46294617,13339550,2955979,6906828,9763921,4952336,8376002,6421500,4633809,1498805,288886
"2002:Q2","Black",1623425,2251983,763610,219232,90131,793750,104399,280862,628559,398009,222681,7869
"2002:Q2","Hispanic",956014,1394917,568630,153898,76420,372597,92885,130487,438902,328941,107708,2253
"2002:Q2","Other",1438238,1805264,712760,113864,191931,360948,199735,226025,367026,278368,88450,207
"2002:Q3","White",38812639,45415861,13656114,2991585,5593789,9670911,4990020,8513442,6603222,4789187,1545994,268041
"2002:Q3","Black",1631812,2258640,771491,211336,87229,780602,132640,275341,626828,404728,215559,6542
"2002:Q3","Hispanic",990809,1437165,593677,170661,56769,344512,123621,147925,446356,339165,104764,2427
"2002:Q3","Other",1391355,1777602,726476,117186,175120,323842,195133,239845,386247,300539,85291,416
"2002:Q4","White",39872545,46648192,13978734,3018486,5970370,9832200,5115080,8733322,6775646,4945826,1569107,260713
"2002:Q4","Black",1669709,2315015,780054,211479,98993,820579,135782,268129,645307,412577,226778,5952
"2002:Q4","Hispanic",1032904,1495722,615612,174792,63495,359029,118162,164632,462818,349623,111128,2067
"2002:Q4","Other",1441161,1854418,744211,121449,185734,367451,184588,250984,413257,323101,89995,162
"2003:Q1","White",39950200,46802796,14228760,3023865,5582949,9942950,5257951,8766322,6852595,5026431,1552719,273445
"2003:Q1","Black",1713760,2385463,813021,211666,102825,821874,150620,285457,671703,434639,231563,5501
"2003:Q1","Hispanic",1047827,1551877,653288,185202,59136,352675,131747,169828,504050,388574,113259,2217
"2003:Q1","Other",1470956,1918625,802540,128859,182787,351042,187031,266366,447669,355687,91582,400
"2003:Q2","White",41638932,48762025,14534648,3047654,6640929,10251895,5394472,8892428,7123094,5204666,1556586,361841
"2003:Q2","Black",1772604,2480010,835255,215482,120790,857825,146209,304451,707406,455575,245030,6801
"2003:Q2","Hispanic",1070317,1610401,681691,187261,79411,374270,118709,169059,540084,416453,121539,2093
"2003:Q2","Other",1538736,2028023,843834,135697,200754,389011,193850,264877,489287,387569,98775,2943
"2003:Q3","White",42416577,49775309,14898407,3083615,7018704,10391124,5530314,8853144,7358732,5437963,1586209,334560
"2003:Q3","Black",1811674,2523592,845010,213083,132009,874716,152197,306578,711918,458025,247975,5917
"2003:Q3","Hispanic",1120755,1653627,700799,193312,87625,377640,120292,173959,532872,406954,124302,1616
"2003:Q3","Other",1580698,2090412,864212,140861,210896,396991,194286,283166,509714,405709,101188,2817
"2003:Q4","White",44238150,51750322,15222367,3119606,7962796,10676829,5660268,9108457,7512172,5576422,1605072,330677
"2003:Q4","Black",1872416,2607200,874711,214926,148103,913983,147820,307657,734784,471963,256882,5940
"2003:Q4","Hispanic",1174721,1736665,737403,195355,107033,397639,108124,191112,561944,427127,132074,2743
"2003:Q4","Other",1671641,2223066,912034,147778,226330,439844,202905,294174,551425,440431,108904,2090
"2004:Q1","White",46357966,53988292,15769744,3162148,8288856,10873592,5849753,10044199,7630326,5692925,1592224,345177
"2004:Q1","Black",1967649,2714531,922390,214935,158289,943968,155689,319259,746882,483331,257825,5726
"2004:Q1","Hispanic",1226214,1805308,777881,203953,115244,401509,113344,193377,579094,442309,134346,2439
"2004:Q1","Other",1777529,2366342,973789,156722,234892,465008,213013,322918,588813,472436,112077,4300
"2004:Q2","White",46916565,54836011,16289258,3212744,8147416,11036280,6176928,9973386,7919446,5954712,1605737,358998
"2004:Q2","Black",2043235,2789941,952823,210335,164010,973068,167727,321977,746706,485014,256274,5418
"2004:Q2","Hispanic",1287159,1853255,805157,209342,114503,404121,125577,194555,566096,427053,136749,2293
"2004:Q2","Other",1833460,2450994,1002267,162690,238837,488464,229466,329270,617535,494633,115779,7122
"2004:Q3","White",47820304,55903926,16760593,3229630,8082015,11207585,6479571,10144531,8083621,6095392,1655669,332560
"2004:Q3","Black",2156233,2920179,1041218,207806,169804,992157,184839,324354,763946,510158,249483,4304
"2004:Q3","Hispanic",1345519,1947643,871595,217606,117046,397985,144825,198586,602124,461284,139248,1593
"2004:Q3","Other",1928273,2596807,1099669,172795,239524,495317,260069,329432,668535,539791,120474,8269
"2004:Q4","White",49807446,58168845,17341997,3281940,8904764,11559220,6683432,10397493,8361399,6288081,1690324,382994
"2004:Q4","Black",2194198,2982525,1062093,215622,168595,1023382,182253,330580,788327,529873,253413,5041
"2004:Q4","Hispanic",1453196,2070813,909440,217610,133663,421786,159705,228608,617616,470311,144976,2329
"2004:Q4","Other",2215911,2928598,1176414,182999,271543,578702,315467,403473,712686,571897,131406,9383
"2005:Q1","White",50479397,58880863,17843983,3316413,8886478,11643422,6788272,10402294,8401466,6362561,1663646,375259
"2005:Q1","Black",2220250,3045001,1106052,219888,159421,1018774,189963,350903,824751,569373,250991,4387
"2005:Q1","Hispanic",1459558,2136926,957244,223697,133425,419595,186967,215998,677368,525795,148569,3004
"2005:Q1","Other",2385189,3165463,1273632,195086,296219,606709,365098,428719,780274,632299,141768,6207
"2005:Q2","White",51565037,60121581,18274123,3350128,9106738,11840032,7015976,10534584,8556544,6494167,1681397,380980
"2005:Q2","Black",2274024,3141183,1177049,228170,151934,1030912,196915,356202,867159,615544,247452,4164
"2005:Q2","Hispanic",1519330,2256730,1024159,229595,137413,425000,213940,226623,737400,581254,151878,4268
"2005:Q2","Other",2630668,3477522,1401121,210400,323915,652542,418785,470759,846854,689762,151662,5430
"2005:Q3","White",52811412,61604285,18863020,3376812,9629308,12054430,7253304,10427412,8792873,6702729,1715026,375118
"2005:Q3","Black",2329933,3221372,1227486,231196,146213,1048665,201440,366371,891439,643066,244389,3984
"2005:Q3","Hispanic",1601099,2362192,1073959,228951,147630,434245,237176,240231,761094,599804,156278,5012
"2005:Q3","Other",2869780,3770200,1488086,220950,354081,706411,475650,525021,900420,733327,162692,4401
"2005:Q4","White",53971394,62981587,19399370,3410474,9755499,12263358,7461511,10691375,9010193,6904921,1750264,355008
"2005:Q4","Black",2377610,3282782,1272385,233890,137345,1064184,207076,367901,905172,662885,238660,3626
"2005:Q4","Hispanic",1691733,2461377,1117012,229733,150317,439849,262037,262430,769644,604660,159052,5932
"2005:Q4","Other",3084213,4029561,1568279,232129,379087,753377,534404,562286,945348,769026,172579,3743
"2006:Q1","White",55451840,64656390,19343010,3437565,11020424,12445706,7526668,10883017,9204550,7065599,1758119,380831
"2006:Q1","Black",2418936,3364627,1307049,242574,135705,1080851,204439,394009,945691,705726,235889,4076
"2006:Q1","Hispanic",1700601,2517624,1151203,232604,174695,448559,272248,238314,817023,647900,161842,7280
"2006:Q1","Other",3286090,4294869,1652122,248112,416913,799775,581363,596584,1008779,821375,181735,5669
"2006:Q2","White",55331325,64754777,19587792,3470267,10653680,12538056,7562190,10942792,9423452,7274967,1762967,385518
"2006:Q2","Black",2417842,3387585,1326940,243840,124035,1080053,208448,404269,969743,735894,229859,3990
"2006:Q2","Hispanic",1693431,2536600,1173714,235580,166543,443636,293547,223579,843169,669707,164728,8735
"2006:Q2","Other",3386767,4451597,1706447,259655,437328,814701,630285,603181,1064830,867121,192057,5652
"2006:Q3","White",56010738,65664644,19771241,3506759,10961840,12725672,7691117,11008015,9653905,7449277,1802708,401921
"2006:Q3","Black",2428606,3418446,1337084,247768,116651,1105781,205708,405454,989840,755722,229843,4276
"2006:Q3","Hispanic",1743391,2603448,1190196,233669,171672,456110,303540,248260,860056,677986,172139,9931
"2006:Q3","Other",3570014,4688277,1748526,270251,463796,868590,674177,662937,1118263,904732,206752,6779
"2006:Q4","White",57163123,66972849,19772256,3528589,11841488,12974663,7802100,11053753,9809726,7526917,1830647,452162
"2006:Q4","Black",2458601,3471927,1353396,254949,112790,1143934,200390,406469,1013326,776654,231157,5515
"2006:Q4","Hispanic",1802949,2686686,1213597,232121,187447,472987,308278,272256,883737,694724,177228,11785
"2006:Q4","Other",3747167,4918495,1802859,282849,495982,932174,708354,696277,1171329,943031,217684,10613
"2007:Q1","White",57913891,67771579,19452199,3545853,12370529,13127853,7806082,11469064,9857688,7624073,1803981,429634
"2007:Q1","Black",2485780,3530776,1360682,263055,107337,1165672,199985,434045,1044996,809568,230617,4811
"2007:Q1","Hispanic",1783326,2700959,1230359,237216,196139,475659,321772,239815,917633,726063,179486,12083
"2007:Q1","Other",3874662,5095894,1854533,298440,523111,963726,741745,714340,1221232,983717,226088,11427
"2007:Q2","White",58337994,68354994,19247608,3569989,12868567,13388949,7777675,11502206,10017000,7714485,1822428,480087
"2007:Q2","Black",2503182,3585040,1359204,272540,102069,1209862,190850,450515,1081857,840597,235645,5615
"2007:Q2","Hispanic",1763569,2718702,1242870,237365,204575,493623,319847,220420,955133,757923,184179,13032
"2007:Q2","Other",3996035,5271172,1893427,311420,547448,1024134,765800,728944,1275137,1025336,234714,15087
"2007:Q3","White",58833980,68975481,19027445,3586799,12888162,13552067,7744394,12176615,10141501,7806680,1876939,457882
"2007:Q3","Black",2488169,3599151,1341542,278849,95320,1244836,187636,450968,1110982,867295,238293,5394
"2007:Q3","Hispanic",1746704,2737470,1245583,239355,202827,501743,328669,219294,990765,784332,191613,14820
"2007:Q3","Other",4081072,5406382,1918252,322354,566525,1062026,788159,749067,1325310,1062036,248707,14567
"2007:Q4","White",58178793,68448264,18740712,3614383,12161797,13589840,7670876,12670656,10269471,7852521,1926638,490312
"2007:Q4","Black",2452846,3564583,1331091,280527,94270,1237324,186550,434821,1111737,871392,233961,6384
"2007:Q4","Hispanic",1717146,2729162,1215379,248278,184672,501585,314960,264287,1012016,804462,193068,14486
"2007:Q4","Other",4083889,5453822,1913981,330753,596696,1072794,757680,781918,1369934,1097506,255811,16617
"2008:Q1","White",56538167,66928473,18206333,3648255,11044432,13434687,7316915,13277852,10390307,7933808,1920477,536022
"2008:Q1","Black",2402489,3495553,1281862,277192,92982,1217241,183311,442965,1093064,857349,228280,7434
"2008:Q1","Hispanic",1586990,2587522,1160551,260788,155700,486842,296745,226894,1000532,793876,192173,14483
"2008:Q1","Other",3962865,5356705,1860425,336249,622138,1051184,700242,786466,1393840,1112569,261078,20193
"2008:Q2","White",55446042,65904881,17794974,3670416,10633550,13509666,7016361,13279915,10458839,8062501,1942811,453527
"2008:Q2","Black",2381156,3424149,1220391,274772,93946,1217107,174358,443574,1042993,810912,225929,6152
"2008:Q2","Hispanic",1542952,2468549,1095934,265062,145670,490513,271726,199644,925597,724097,189020,12479
"2008:Q2","Other",3907402,5275507,1801349,337558,644052,1061126,661872,769550,1368105,1086375,262692,19038
"2008:Q3","White",53511603,64039282,17347044,3683913,9180814,13289141,6852929,13685441,10527679,7984267,1955397,588014
"2008:Q3","Black",2322478,3365633,1173905,274202,88788,1198371,178083,452284,1043155,806572,226744,9840
"2008:Q3","Hispanic",1425613,2377489,1042605,276222,117729,482242,271252,187439,951876,746502,191607,13767
"2008:Q3","Other",3827858,5241981,1770719,342432,642017,1059628,645606,781580,1414123,1117483,270065,26574
"2008:Q4","White",50624834,60842343,16884015,3656226,7011474,12828617,6417078,14044933,10217509,7876602,1969254,371653
"2008:Q4","Black",2220764,3237876,1145298,268282,80126,1169973,184875,389322,1017112,797788,213423,5901
"2008:Q4","Hispanic",1399601,2362804,1011076,293393,72739,452182,273469,259945,963202,763135,186874,13193
"2008:Q4","Other",3817862,5248153,1746131,347356,617602,1027904,594275,914885,1430291,1140797,274238,15256
"2009:Q1","White",49759691,59809653,16455038,3633790,6130015,12734485,6068908,14787417,10049962,7827580,1892227,330154
"2009:Q1","Black",2191917,3215816,1117777,266718,76427,1156130,182471,416293,1023899,795187,223957,4755
"2009:Q1","Hispanic",1268288,2254720,986897,301236,58103,446237,264208,198038,986431,787301,187513,11617
"2009:Q1","Other",3597730,5052535,1706426,349535,605655,1022764,573445,794710,1454805,1168313,274446,12046
"2009:Q2","White",50611085,60699819,16166547,3631613,7614999,13173506,5732363,14380791,10088734,7891802,1846644,350288
"2009:Q2","Black",2177087,3189950,1072667,271938,88254,1178282,156354,422456,1012863,761330,244934,6600
"2009:Q2","Hispanic",1292243,2236275,940645,296060,85337,476314,215868,222050,944032,745579,187724,10729
"2009:Q2","Other",3619476,5053865,1666876,348362,664230,1051177,533325,789895,1434390,1149606,269572,15212
"2009:Q3","White",52303124,62393587,15993280,3620545,9074107,13620291,5556518,14528846,10090463,7878466,1825628,386369
"2009:Q3","Black",2197537,3209299,1031258,276420,99089,1212403,135407,454723,1011763,735356,267891,8515
"2009:Q3","Hispanic",1235334,2167979,896762,288472,112750,511329,178293,180374,932646,728383,193956,10307
"2009:Q3","Other",3603583,5041171,1629630,345474,713975,1098275,496290,757528,1437588,1148914,271236,17438
"2009:Q4","White",52348854,62418321,15813987,3634146,9364012,13818297,5548316,14239563,10069467,7845053,1805510,418905
"2009:Q4","Black",2177650,3189616,1026891,284884,102210,1230097,127563,417970,1011966,719184,282428,10355
"2009:Q4","Hispanic",1379426,2310553,884556,291946,118319,533165,164630,317938,931127,726239,195846,9041
"2009:Q4","Other",3786004,5229684,1624858,349044,734947,1131645,473062,916129,1443681,1152114,271233,20334
"2010:Q1","White",53364548,63365370,15760738,3622243,9802384,14132876,5590450,14456678,10000822,7795310,1735014,470498
"2010:Q1","Black",2271876,3267091,1020299,289026,105409,1262772,121416,468170,995216,684268,296116,14832
"2010:Q1","Hispanic",1329097,2229650,865733,290843,126590,557585,155569,233331,900553,694978,195008,10567
"2010:Q1","Other",3762909,5194531,1611627,348591,758427,1182727,453654,839505,1431622,1137756,266904,26962
"2010:Q2","White",52629174,62653962,15683391,3595323,8870910,14111149,5825316,14567872,10024788,7801338,1725242,498208
"2010:Q2","Black",2306858,3272877,1027088,286540,99655,1252246,134910,472439,966020,654391,295969,15659
"2010:Q2","Hispanic",1336374,2202649,850888,299679,108275,547872,181318,214617,866274,666031,190778,9465
"2010:Q2","Other",3750094,5169544,1599804,349265,752645,1175043,450763,842023,1419450,1122844,266415,30192
"2010:Q3","White",54262794,64288934,15557988,3587017,10057376,14609378,6018432,14458743,10026140,7793590,1729330,503220
"2010:Q3","Black",2406196,3355337,1047415,291497,105284,1297155,126583,487404,949142,622848,310581,15713
"2010:Q3","Hispanic",1417393,2257456,841054,294352,129494,581700,172232,238623,840062,638318,194983,6761
"2010:Q3","Other",3891262,5300977,1565624,347416,793517,1240053,432708,921658,1409714,1111395,268893,29426
"2010:Q4","White",55657709,65687717,15327383,3596687,11060840,15041370,6139312,14522124,10030007,7629741,1854992,545275
"2010:Q4","Black",2415016,3375034,1009075,297882,122078,1358001,131675,456323,960017,624354,319276,16387
"2010:Q4","Hispanic",1518212,2358916,836995,289747,146046,587918,166596,331615,840704,635738,197415,7551
"2010:Q4","Other",4042653,5456895,1590032,351125,810209,1305838,449970,949721,1414242,1103572,275128,35543
"2011:Q1","White",56621874,66646809,15080034,3626136,11814743,15297855,6211418,14616622,10024935,7621953,1832447,570534
"2011:Q1","Black",2470489,3435964,963172,301020,136602,1391040,137249,506882,965475,622633,326589,16253
"2011:Q1","Hispanic",1454015,2269611,807395,287470,157019,581897,163626,272204,815595,612146,195869,7580
"2011:Q1","Other",4112741,5507885,1596540,353615,821461,1337221,464174,934875,1395144,1081629,273511,40005
"2011:Q2","White",57038380,66987159,14938785,3653136,11809644,15425936,6296709,14862950,9948779,7533825,1860688,554267
"2011:Q2","Black",2492455,3470904,955056,304780,145963,1404905,147806,512393,978449,635784,328068,14597
"2011:Q2","Hispanic",1439715,2263157,801655,291418,152469,562067,170074,285474,823442,623933,192081,7429
"2011:Q2","Other",4176800,5573018,1636758,359714,820954,1343206,480530,931855,1396218,1083782,272355,40081
"2011:Q3","White",55410534,65392028,14909039,3677586,9854327,15143313,6326183,15481579,9981494,7557433,1920890,503171
"2011:Q3","Black",2469686,3424765,932545,294389,142361,1369877,172290,513304,955079,624407,317268,13404
"2011:Q3","Hispanic",1392043,2172455,790586,299185,110089,508064,199190,265342,780412,585768,186673,7971
"2011:Q3","Other",4097000,5470743,1619000,359470,786988,1287973,504029,913284,1373743,1057337,277656,38750
"2011:Q4","White",56474965,66437493,14746961,3690665,10602284,15439278,6503694,15454611,9962528,7497313,1965104,500112
"2011:Q4","Black",2487669,3460126,932290,299400,155307,1411322,173846,487961,972457,633328,325660,13469
"2011:Q4","Hispanic",1479939,2265717,792227,292359,118551,510902,193199,358479,785778,589956,187327,8495
"2011:Q4","Other",4259869,5634839,1633006,362274,803411,1339754,517216,979176,1374969,1057153,278470,39346
"2012:Q1","White",58264823,68182177,14540748,3715509,12023172,15888256,6639756,15374736,9917354,7449394,1947048,520911
"2012:Q1","Black",2592465,3579844,934289,308330,172235,1465254,171701,528035,987379,638673,335909,12797
"2012:Q1","Hispanic",1447206,2225736,788961,287179,139442,518977,182254,308924,778530,583659,186573,8299
"2012:Q1","Other",4380889,5745753,1665299,368023,829947,1404408,528246,949831,1364864,1047048,275958,41858
"2012:Q2","White",58195765,68130939,14707869,3729085,11547863,15890583,6737148,15518390,9935173,7435031,1999821,500322
"2012:Q2","Black",2622744,3599462,932800,304044,177356,1461671,185784,537808,976718,633016,332461,11242
"2012:Q2","Hispanic",1402261,2152923,783644,287151,123084,489137,196353,273553,750662,560465,181527,8670
"2012:Q2","Other",4406689,5755918,1686911,368814,828192,1393421,547516,931065,1349229,1031534,277111,40584
"2012:Q3","White",59892689,69851104,14907006,3745197,12291667,16182479,6988017,15736737,9958414,7382964,2049737,525713
"2012:Q3","Black",2654962,3641938,944069,304754,190538,1493938,193561,515078,986976,638148,338053,10775
"2012:Q3","Hispanic",1441215,2193923,793069,280990,129018,482560,201428,306858,752709,561076,182888,8744
"2012:Q3","Other",4511336,5865669,1707982,369793,847017,1429056,565121,946701,1354333,1033759,280389,40186
"2012:Q4","White",60646585,70738076,15066701,3769470,12400810,16348782,7119870,16032443,10091491,7410261,2124633,556597
"2012:Q4","Black",2706149,3677892,950973,303791,200365,1502537,206833,513393,971743,626763,333827,11153
"2012:Q4","Hispanic",1484755,2189265,798080,281441,121951,458335,213961,315497,704510,521729,174809,7972
"2012:Q4","Other",4634760,5962636,1729912,372784,859008,1429231,584422,987280,1327877,1005169,280303,42405
"2013:Q1","White",63195842,73082909,15396015,3789056,13869574,16880437,7286219,15861607,9887067,7218160,2100531,568376
"2013:Q1","Black",2785407,3805447,973715,310167,219426,1578249,206498,517392,1020040,660732,349159,10149
"2013:Q1","Hispanic",1422619,2200828,813846,274686,140005,468816,205659,297815,778210,587208,182512,8490
"2013:Q1","Other",4791521,6165397,1786531,377045,890205,1525108,595508,991001,1373876,1055007,282294,36575
"2013:Q2","White",64089362,74019051,15830805,3797970,13984342,17194386,7548443,15663105,9929689,7205268,2149804,574618
"2013:Q2","Black",2873962,3895374,981693,309102,231746,1622295,220410,530128,1021412,660263,351837,9312
"2013:Q2","Hispanic",1364766,2125490,825836,270219,130477,458474,218269,222214,760723,573499,178091,9133
"2013:Q2","Other",4916005,6279259,1816291,378353,909036,1577179,616742,981659,1363254,1048362,281205,33687
"2013:Q3","White",66259094,76311405,16348644,3820148,14799453,17736468,7851141,15755552,10052311,7259033,2209975,583302
"2013:Q3","Black",2904329,3926370,965975,307681,249891,1684568,233327,484928,1022041,655547,358138,8356
"2013:Q3","Hispanic",1393475,2128191,827162,263256,133517,456032,228424,219800,734716,547738,178244,8734
"2013:Q3","Other",5110827,6458903,1826786,377852,938547,1645992,639357,1030370,1348076,1035213,284815,28048
"2013:Q4","White",67923151,77993150,16542338,3822229,15853535,18215676,8133799,15425572,10069998,7229757,2226814,613428
"2013:Q4","Black",3077090,4120704,1026366,319358,250039,1768491,223219,533231,1043614,655956,377766,9892
"2013:Q4","Hispanic",1616695,2372085,868396,259849,175661,526072,216221,325886,755390,553668,192113,9609
"2013:Q4","Other",5341232,6715670,1885263,378136,929037,1774589,640781,1107864,1374438,1041799,294721,37917
"2014:Q1","White",69068607,79039180,16680879,3810788,16476821,18330772,8166437,15573483,9970573,7178487,2201503,590584
"2014:Q1","Black",3207262,4264532,1080813,328197,249842,1787757,220266,597657,1057271,657638,389852,9781
"2014:Q1","Hispanic",1725141,2498438,911966,264741,207273,563360,211538,339559,773297,561273,202072,9952
"2014:Q1","Other",5456674,6852082,1950438,381282,922118,1812480,641209,1144555,1395407,1047844,304453,43110
"2014:Q2","White",70391857,80450008,16947741,3821762,17402411,18511313,8300683,15466097,10058150,7179697,2234943,643511
"2014:Q2","Black",3313017,4382426,1126292,337978,252877,1822224,215976,627080,1069409,653491,404686,11232
"2014:Q2","Hispanic",1883263,2660856,956151,266686,243742,612287,204385,377605,777594,555365,211640,10589
"2014:Q2","Other",5588377,7000545,1997065,382936,922274,1875981,643848,1178440,1412169,1046318,313825,52025
"2014:Q3","White",70540675,80636701,17194278,3831955,17003750,18483059,8556514,15567146,10096026,7167931,2276947,651149
"2014:Q3","Black",3404704,4490867,1170198,347131,249407,1830331,222979,670820,1086162,658041,416421,11700
"2014:Q3","Hispanic",1950337,2748317,998620,273934,252563,645778,213573,363848,797980,564481,222772,10726
"2014:Q3","Other",5670538,7109992,2053149,386825,912936,1905953,655144,1195985,1439454,1054705,328018,56731
"2014:Q4","White",71837172,81913963,17342439,3832890,17600462,18592718,8855792,15689663,10076791,7134184,2309154,633454
"2014:Q4","Black",3471303,4583571,1204767,358825,252580,1861487,225558,680354,1112268,667419,432694,12155
"2014:Q4","Hispanic",2121097,2949025,1032614,277007,280802,693866,215618,449119,827929,583653,233006,11269
"2014:Q4","Other",5878861,7346276,2105927,390604,915579,1970164,665726,1298277,1467415,1070317,337651,59447
"2015:Q1","White",73318473,83290007,17560830,3838758,18133584,18728654,9115919,15912261,9971534,7065566,2282270,623698
"2015:Q1","Black",3566413,4698237,1237746,367718,256090,1878014,233878,724791,1131824,673368,445934,12521
"2015:Q1","Hispanic",2197452,3053818,1065623,284170,307129,728009,225173,443715,856366,601459,242594,12313
"2015:Q1","Other",6008847,7504809,2157495,394476,919686,2002657,677469,1353025,1495962,1086708,346755,62498
"2015:Q2","White",73511853,83540899,17852292,3867986,18049420,18752856,9283909,15734435,10029046,7064085,2326225,638736
"2015:Q2","Black",3636966,4791750,1278326,377824,256322,1884996,240806,753475,1154783,683263,458030,13491
"2015:Q2","Hispanic",2256443,3139360,1107289,294471,320602,758700,231549,426749,882917,618698,250777,13442
"2015:Q2","Other",6090770,7617221,2208755,399795,918277,2027611,686333,1376449,1526450,1101604,357357,67490
"2015:Q3","White",72386675,82469685,18220175,3886465,16418886,18525721,9423375,15995063,10083011,7131421,2379761,571829
"2015:Q3","Black",3654152,4807723,1296002,378030,246951,1846962,259151,780628,1153571,677358,463323,12890
"2015:Q3","Hispanic",2312408,3191542,1131362,307433,301858,761808,253946,435135,879134,605668,259014,14451
"2015:Q3","Other",6111214,7650075,2229884,400705,898419,1987349,699451,1434267,1538861,1098456,373370,67035
"2015:Q4","White",73466625,83533658,18492613,3908738,17069928,18688852,9571688,15801840,10067033,7194340,2290267,582425
"2015:Q4","Black",3697402,4874194,1312133,388021,252022,1883004,254770,784244,1176793,678883,482954,14956
"2015:Q4","Hispanic",2506514,3392357,1151392,307654,329961,816076,242147,545127,885844,604309,265624,15910
"2015:Q4","Other",6348608,7895799,2260879,401555,906163,2061794,702643,1562765,1547191,1102082,372152,72957
"2016:Q1","White",74241916,84213443,18677017,3935558,17109707,18801952,9580341,16108868,9971528,7142053,2268028,561447
"2016:Q1","Black",3777720,4977909,1339864,398648,253066,1896338,255642,834352,1200189,688112,496575,15502
"2016:Q1","Hispanic",2545007,3462812,1179818,316748,345320,851280,236753,532894,917806,625636,274886,17284
"2016:Q1","Other",6431582,8009772,2311404,406622,905951,2096052,704444,1585298,1578190,1120706,380778,76706
"2016:Q2","White",75325787,85291437,19000950,3946201,17595631,18936232,9752363,16060060,9965651,7097725,2301596,566330
"2016:Q2","Black",3875408,5115986,1395990,411477,256949,1916658,259703,875209,1240578,712308,511994,16277
"2016:Q2","Hispanic",2615361,3587979,1233017,324921,369455,891388,235910,533288,972618,669731,284349,18538
"2016:Q2","Other",6535863,8162228,2393211,412996,911985,2142103,709474,1592458,1626364,1153019,390501,82844
"2016:Q3","White",76885561,87024016,19452507,3971670,18362901,19133540,10015646,16087752,10138455,7215522,2344050,578882
"2016:Q3","Black",3956365,5205849,1403293,415606,262372,1947782,264299,912496,1249483,702592,529045,17846
"2016:Q3","Hispanic",2810391,3773389,1249212,325215,399488,938240,235399,625834,962998,646372,296901,19725
"2016:Q3","Other",6712304,8350893,2423473,410271,921261,2205329,716442,1674117,1638589,1143180,403823,91586
"2016:Q4","White",77782391,88027590,19840424,3996349,18895490,19198225,10114741,15982361,10245199,7289503,2392220,563476
"2016:Q4","Black",3968476,5223452,1410525,421001,273522,1968375,262852,887177,1254976,694278,543536,17163
"2016:Q4","Hispanic",2893915,3844507,1260340,324994,409073,950122,236649,663330,950593,632015,300022,18556
"2016:Q4","Other",6848690,8484561,2435826,412993,940301,2236712,726369,1732360,1635871,1142956,408367,84549
"2017:Q1","White",79696119,89978415,20191151,4042201,19774971,19506814,10198608,16264669,10282295,7343724,2370556,568016
"2017:Q1","Black",4064289,5330915,1429197,431932,286440,2015052,257036,911259,1266626,691806,558226,16593
"2017:Q1","Hispanic",2906281,3853929,1281433,325958,426529,974714,230576,614718,947648,627181,302606,17861
"2017:Q1","Other",6973104,8609753,2470384,418812,961518,2300059,734410,1724569,1636650,1146937,408694,81019
"2017:Q2","White",81151664,91570917,20620971,4049151,20464868,19747893,10453378,16234656,10419253,7418184,2406783,594286
"2017:Q2","Black",4126781,5405826,1452702,436665,297782,2044963,261767,911947,1279045,689271,571962,17812
"2017:Q2","Hispanic",2951331,3895978,1312078,325155,440129,987849,239710,591058,944646,621603,304973,18070
"2017:Q2","Other",7033778,8678125,2490614,421230,979062,2337555,751418,1698246,1644347,1151443,411921,80983
"2017:Q3","White",82900122,93449670,21063718,4070205,21350662,20006880,10646671,16311534,10549548,7519822,2439079,590647
"2017:Q3","Black",4201194,5489662,1470367,442432,310149,2084174,261772,920769,1288469,684111,586820,17537
"2017:Q3","Hispanic",3026718,3963081,1336310,323270,457501,1007936,240800,597265,936364,608858,309987,17518
"2017:Q3","Other",7148721,8795619,2515238,423316,998370,2390989,761569,1706137,1646898,1150634,417582,78682
"2017:Q4","White",85016030,95769960,21445235,4108103,22531916,20265334,10918902,16500470,10753931,7632135,2487504,634292
"2017:Q4","Black",4273967,5572270,1476864,450037,323937,2134463,260099,926870,1298304,674924,604565,18814
"2017:Q4","Hispanic",3142578,4062677,1350352,319399,481527,1038592,239122,633685,920100,588200,314614,17286
"2017:Q4","Other",7316699,8963552,2533509,425086,1019033,2468326,773527,1744071,1646853,1144193,421567,81093
"2018:Q1","White",85591410,96397109,21670644,4146704,22332346,20338891,10964349,16944175,10805699,7700718,2460549,644432
"2018:Q1","Black",4339979,5637810,1488852,455277,329201,2134452,265633,964395,1297831,666683,612097,19050
"2018:Q1","Hispanic",3147908,4050654,1369214,327336,476729,1034195,246914,596265,902746,571087,314045,17613
"2018:Q1","Other",7367262,9010849,2552721,430516,1025791,2464065,782730,1755026,1643587,1138083,422851,82654
"2018:Q2","White",86989051,97907056,22087787,4184037,22773736,20516797,11252549,17092149,10918004,7789021,2485263,643720
"2018:Q2","Black",4418912,5728997,1515338,462508,338062,2164174,270575,978339,1310085,664559,625952,19573
"2018:Q2","Hispanic",3224328,4121629,1401454,328722,486129,1051066,254351,599907,897301,563602,316114,17585
"2018:Q2","Other",7475381,9122685,2581183,434260,1037594,2510848,799830,1758970,1647304,1139670,424885,82749
"2018:Q3","White",88804722,99871732,22453289,4230093,23914728,20706542,11279023,17288057,11067010,7884881,2538778,643352
"2018:Q3","Black",4499884,5828428,1535155,473478,351030,2218610,258878,991278,1328544,664234,644905,19405
"2018:Q3","Hispanic",3291080,4190473,1426538,324791,509896,1089092,235776,604380,899393,558348,323847,17199
"2018:Q3","Other",7606059,9262551,2609803,437624,1056009,2604439,798618,1756059,1656492,1142666,431606,82219
"2018:Q4","White",85169302,96383920,22791054,4262999,20008325,20323296,11303756,17694489,11214617,7978895,2602754,632968
"2018:Q4","Black",4425271,5744781,1534359,464742,333287,2109907,292147,1010339,1319511,654714,643708,21088
"2018:Q4","Hispanic",3244728,4122835,1433440,349497,427941,1013202,283918,614835,878106,538951,320513,18641
"2018:Q4","Other",7507904,9172156,2623909,442048,1027057,2430588,822103,1826451,1664253,1137186,442780,84287
"2019:Q1","White",89631617,100771429,23211742,4312584,22836848,20849769,11564999,17995487,11139811,7952652,2569854,617305
"2019:Q1","Black",4603379,5953068,1585255,485744,356744,2214496,277026,1033803,1349689,665926,663492,20271
"2019:Q1","Hispanic",3399902,4306413,1479262,343220,487826,1079293,260467,656344,906511,562086,326448,17977
"2019:Q1","Other",7832143,9511987,2709814,450131,1062448,2592415,825348,1871830,1679844,1157264,440025,82555
"2019:Q2","White",91051215,102315702,23291835,4353279,23582304,21089189,11865202,18133893,11264487,8014214,2604584,645689
"2019:Q2","Black",4672628,6043356,1595363,495752,367306,2261303,279940,1043692,1370728,669493,678788,22447
"2019:Q2","Hispanic",3469748,4383875,1496008,344637,503202,1104333,263512,672183,914127,565606,329979,18543
"2019:Q2","Other",7937091,9631916,2720085,455267,1078144,2662865,836183,1879372,1694825,1165285,443191,86350
